Sample (500 Ep),Avg Reward (500 Ep), Overall Avg Reward
0.0,5.48,5.48
1.0,26.16201999999998,26.120738522954074
